time,computers on
2016-08-27 00:00:40,19
2016-08-27 00:18:18,19
2016-08-27 00:35:56,19
2016-08-27 00:53:33,19
2016-08-27 01:11:11,19
2016-08-27 01:28:48,19
2016-08-27 01:46:26,19
2016-08-27 02:04:04,19
2016-08-27 02:21:41,19
2016-08-27 02:39:19,19
2016-08-27 02:56:57,19
2016-08-27 03:14:34,19
2016-08-27 03:32:12,19
2016-08-27 03:49:49,19
2016-08-27 04:07:27,19
2016-08-27 04:25:05,18
2016-08-27 04:42:42,18
2016-08-27 05:00:20,18
2016-08-27 05:17:58,18
2016-08-27 05:35:35,18
2016-08-27 05:53:13,18
2016-08-27 06:10:51,18
2016-08-27 06:28:28,18
2016-08-27 06:46:06,18
2016-08-27 07:03:43,18
2016-08-27 07:21:21,18
2016-08-27 07:38:59,18
2016-08-27 07:56:36,18
2016-08-27 08:14:14,18
2016-08-27 08:31:52,18
2016-08-27 08:49:29,18
2016-08-27 09:07:07,18
2016-08-27 09:24:44,18
2016-08-27 09:42:22,18
2016-08-27 10:00:00,18
2016-08-27 10:17:37,18
2016-08-27 10:35:15,18
2016-08-27 10:52:53,18
2016-08-27 11:10:30,18
2016-08-27 11:28:08,18
2016-08-27 11:45:46,17
2016-08-27 12:03:23,16
2016-08-27 12:21:01,16
2016-08-27 12:38:39,16
2016-08-27 12:56:16,16
2016-08-27 13:13:54,16
2016-08-27 13:31:32,16
2016-08-27 13:49:09,16
2016-08-27 14:06:47,16
2016-08-27 14:24:24,16
2016-08-27 14:42:02,16
2016-08-27 14:59:40,16
2016-08-27 15:17:17,16
2016-08-27 15:34:55,16
2016-08-27 15:52:33,16
2016-08-27 16:10:10,16
2016-08-27 16:27:48,16
2016-08-27 16:45:25,16
2016-08-27 17:03:03,16
2016-08-27 17:20:41,16
2016-08-27 17:38:18,16
2016-08-27 17:55:56,16
2016-08-27 18:13:34,16
2016-08-27 18:31:11,16
2016-08-27 18:48:49,16
2016-08-27 19:06:26,16
2016-08-27 19:24:04,15
2016-08-27 19:41:42,15
2016-08-27 19:59:19,15
2016-08-27 20:16:57,15
2016-08-27 20:34:35,15
2016-08-27 20:52:12,15
2016-08-27 21:09:50,15
2016-08-27 21:27:27,15
2016-08-27 21:45:05,15
2016-08-27 22:02:43,15
2016-08-27 22:20:36,15
2016-08-27 22:38:14,15
2016-08-27 22:55:52,15
2016-08-27 23:13:29,15
2016-08-27 23:31:07,15
2016-08-27 23:48:44,15
2016-08-28 00:06:22,15
2016-08-28 00:24:00,15
2016-08-28 00:41:37,15
2016-08-28 00:59:15,15
2016-08-28 01:16:53,15
2016-08-28 01:34:30,15
2016-08-28 01:52:08,15
2016-08-28 02:09:46,15
2016-08-28 02:27:23,15
2016-08-28 02:45:01,15
2016-08-28 03:02:38,15
2016-08-28 03:20:16,15
2016-08-28 03:37:54,15
2016-08-28 03:55:31,15
2016-08-28 04:13:09,15
2016-08-28 04:30:47,15
2016-08-28 04:48:24,15
2016-08-28 05:06:02,15
2016-08-28 05:23:39,15
2016-08-28 05:41:17,15
2016-08-28 05:58:55,15
2016-08-28 06:16:32,15
2016-08-28 06:34:10,15
2016-08-28 06:51:48,15
2016-08-28 07:09:25,15
2016-08-28 07:27:03,15
2016-08-28 07:44:41,15
2016-08-28 08:02:18,15
2016-08-28 08:19:56,15
2016-08-28 08:37:33,15
2016-08-28 08:55:11,15
2016-08-28 09:12:49,15
2016-08-28 09:30:26,15
2016-08-28 09:48:04,15
2016-08-28 10:05:42,15
2016-08-28 10:23:19,15
2016-08-28 10:40:57,15
2016-08-28 10:58:34,15
2016-08-28 11:16:12,15
2016-08-28 11:33:50,15
2016-08-28 11:51:27,15
2016-08-28 12:09:05,15
2016-08-28 12:26:43,15
2016-08-28 12:44:20,15
2016-08-28 13:01:58,15
2016-08-28 13:19:36,15
2016-08-28 13:37:13,15
2016-08-28 13:54:51,15
2016-08-28 14:12:28,15
2016-08-28 14:30:06,15
2016-08-28 14:47:44,15
2016-08-28 15:05:21,15
2016-08-28 15:22:59,15
2016-08-28 15:40:36,15
2016-08-28 15:58:14,15
2016-08-28 16:15:52,15
2016-08-28 16:33:30,15
2016-08-28 16:51:07,15
2016-08-28 17:08:45,15
2016-08-28 17:26:22,15
2016-08-28 17:44:00,15
2016-08-28 18:01:38,16
2016-08-28 18:19:15,16
2016-08-28 18:36:53,16
2016-08-28 18:54:31,16
2016-08-28 19:12:08,16
2016-08-28 19:29:46,16
2016-08-28 19:47:23,16
2016-08-28 20:05:01,16
2016-08-28 20:22:39,16
2016-08-28 20:40:16,16
2016-08-28 20:57:54,16
2016-08-28 21:15:32,16
2016-08-28 21:33:09,16
2016-08-28 21:50:47,16
2016-08-28 22:08:25,16
2016-08-28 22:26:02,16
2016-08-28 22:43:40,16
2016-08-28 23:01:17,16
2016-08-28 23:18:55,16
2016-08-28 23:36:33,16
2016-08-28 23:54:10,16
2016-08-29 00:11:48,16
2016-08-29 00:29:26,16
2016-08-29 00:47:03,16
2016-08-29 01:04:41,16
2016-08-29 01:22:18,16
2016-08-29 01:39:56,16
2016-08-29 01:57:34,16
2016-08-29 02:15:11,16
2016-08-29 02:32:49,16
2016-08-29 02:50:27,16
2016-08-29 03:08:04,15
2016-08-29 03:25:42,16
2016-08-29 03:43:19,16
2016-08-29 04:00:57,16
2016-08-29 04:18:35,16
2016-08-29 04:36:12,16
2016-08-29 04:53:50,16
2016-08-29 05:11:28,16
2016-08-29 05:29:05,16
2016-08-29 05:46:43,16
2016-08-29 06:04:21,16
2016-08-29 06:21:58,16
2016-08-29 06:39:36,16
2016-08-29 06:57:14,16
2016-08-29 07:14:51,16
2016-08-29 07:32:29,16
2016-08-29 07:50:06,16
2016-08-29 08:07:44,16
2016-08-29 08:25:22,16
2016-08-29 08:42:59,17
2016-08-29 09:00:37,19
2016-08-29 09:18:15,19
2016-08-29 09:35:52,24
2016-08-29 09:53:30,35
2016-08-29 10:11:07,41
2016-08-29 10:28:45,43
2016-08-29 10:46:23,45
2016-08-29 11:04:00,45
2016-08-29 11:21:38,44
2016-08-29 11:39:16,45
2016-08-29 11:56:53,45
2016-08-29 12:14:31,45
2016-08-29 12:32:09,45
2016-08-29 12:49:46,45
2016-08-29 13:07:24,45
2016-08-29 13:25:01,44
2016-08-29 13:42:39,44
2016-08-29 14:00:17,44
2016-08-29 14:17:54,44
2016-08-29 14:35:32,44
2016-08-29 14:53:10,45
2016-08-29 15:10:48,45
2016-08-29 15:28:25,45
2016-08-29 15:46:03,44
2016-08-29 16:03:40,44
2016-08-29 16:21:18,44
2016-08-29 16:38:56,44
2016-08-29 16:56:33,43
2016-08-29 17:14:11,42
2016-08-29 17:31:48,31
2016-08-29 17:49:26,22
2016-08-29 18:07:04,22
2016-08-29 18:24:41,19
2016-08-29 18:42:19,18
2016-08-29 18:59:57,18
2016-08-29 19:17:34,17
2016-08-29 19:35:12,17
2016-08-29 19:52:50,17
2016-08-29 20:10:27,17
2016-08-29 20:28:05,17
2016-08-29 20:45:42,17
2016-08-29 21:03:20,17
2016-08-29 21:20:58,17
2016-08-29 21:38:35,17
2016-08-29 21:56:13,17
2016-08-29 22:13:51,17
2016-08-29 22:31:28,17
2016-08-29 22:49:06,17
2016-08-29 23:06:44,17
2016-08-29 23:24:21,17
2016-08-29 23:41:59,17
2016-08-29 23:59:37,17
2016-08-30 00:17:15,17
2016-08-30 00:34:52,17
2016-08-30 00:52:30,17
2016-08-30 01:10:07,17
2016-08-30 01:27:45,17
2016-08-30 01:45:23,17
2016-08-30 02:03:00,17
2016-08-30 02:20:38,17
2016-08-30 02:38:15,17
2016-08-30 02:55:53,17
2016-08-30 03:13:31,18
2016-08-30 03:31:17,17
2016-08-30 03:48:54,17
2016-08-30 04:06:32,17
2016-08-30 04:24:09,17
2016-08-30 04:41:47,17
2016-08-30 04:59:25,17
2016-08-30 05:17:02,17
2016-08-30 05:34:40,17
2016-08-30 05:52:18,17
2016-08-30 06:09:55,17
2016-08-30 06:27:33,17
2016-08-30 06:45:10,17
2016-08-30 07:02:48,17
2016-08-30 07:20:26,17
2016-08-30 07:38:03,17
2016-08-30 07:55:41,17
2016-08-30 08:13:18,17
2016-08-30 08:30:56,17
2016-08-30 08:48:34,18
2016-08-30 09:06:12,22
2016-08-30 09:23:49,25
2016-08-30 09:41:27,26
2016-08-30 09:59:05,34
2016-08-30 10:16:42,41
2016-08-30 10:34:20,41
2016-08-30 10:51:58,42
2016-08-30 11:09:35,43
2016-08-30 11:27:13,44
2016-08-30 11:44:50,43
2016-08-30 12:02:28,44
2016-08-30 12:20:06,43
2016-08-30 12:37:43,43
2016-08-30 12:55:21,42
2016-08-30 13:12:59,42
2016-08-30 13:30:36,41
2016-08-30 13:48:14,41
2016-08-30 14:05:51,41
2016-08-30 14:23:29,41
2016-08-30 14:41:07,41
2016-08-30 14:58:44,41
2016-08-30 15:16:22,41
2016-08-30 15:33:59,41
2016-08-30 15:51:37,41
2016-08-30 16:09:15,41
2016-08-30 16:26:52,41
2016-08-30 16:44:30,42
2016-08-30 17:02:08,41
2016-08-30 17:19:45,40
2016-08-30 17:37:23,29
2016-08-30 17:55:01,24
2016-08-30 18:12:38,22
2016-08-30 18:30:16,19
2016-08-30 18:47:54,19
2016-08-30 19:05:31,19
2016-08-30 19:23:09,19
2016-08-30 19:40:46,19
2016-08-30 19:58:24,19
2016-08-30 20:16:02,19
2016-08-30 20:33:39,19
2016-08-30 20:51:17,19
2016-08-30 21:08:55,19
2016-08-30 21:26:32,19
2016-08-30 21:44:19,19
2016-08-30 22:01:56,19
2016-08-30 22:19:34,19
2016-08-30 22:37:12,19
2016-08-30 22:54:49,19
2016-08-30 23:12:27,19
2016-08-30 23:30:05,19
2016-08-30 23:47:42,19
2016-08-31 00:05:20,19
2016-08-31 00:22:57,19
2016-08-31 00:40:35,19
2016-08-31 00:58:13,19
2016-08-31 01:15:50,19
2016-08-31 01:33:28,19
2016-08-31 01:51:05,19
2016-08-31 02:08:43,19
2016-08-31 02:26:21,19
2016-08-31 02:43:58,19
2016-08-31 03:01:36,21
2016-08-31 03:19:14,21
2016-08-31 03:36:51,19
2016-08-31 03:54:29,19
2016-08-31 04:12:07,19
2016-08-31 04:29:44,19
2016-08-31 04:47:22,19
2016-08-31 05:05:00,19
2016-08-31 05:22:37,19
2016-08-31 05:40:15,19
2016-08-31 05:57:52,19
2016-08-31 06:15:30,19
2016-08-31 06:33:08,19
2016-08-31 06:50:45,19
2016-08-31 07:08:23,19
2016-08-31 07:26:01,19
2016-08-31 07:43:38,19
2016-08-31 08:01:16,19
2016-08-31 08:18:53,19
2016-08-31 08:36:31,19
2016-08-31 08:54:09,20
2016-08-31 09:11:46,21
2016-08-31 09:29:24,21
2016-08-31 09:47:01,22
2016-08-31 10:04:39,36
2016-08-31 10:22:17,42
2016-08-31 10:39:54,41
2016-08-31 10:57:32,41
2016-08-31 11:15:10,41
2016-08-31 11:32:47,41
2016-08-31 11:50:25,42
2016-08-31 12:08:03,41
2016-08-31 12:25:40,41
2016-08-31 12:43:18,41
2016-08-31 13:00:56,41
2016-08-31 13:18:33,41
2016-08-31 13:36:11,42
2016-08-31 13:53:48,42
2016-08-31 14:11:26,43
2016-08-31 14:29:04,42
2016-08-31 14:46:41,43
2016-08-31 15:04:19,43
2016-08-31 15:21:57,42
2016-08-31 15:39:34,42
2016-08-31 15:57:12,42
2016-08-31 16:14:50,43
2016-08-31 16:32:27,43
2016-08-31 16:50:05,43
2016-08-31 17:07:42,42
2016-08-31 17:25:20,42
2016-08-31 17:42:58,24
2016-08-31 18:00:35,22
2016-08-31 18:18:13,21
2016-08-31 18:35:50,20
2016-08-31 18:53:28,19
2016-08-31 19:11:06,19
2016-08-31 19:28:43,19
2016-08-31 19:46:21,19
2016-08-31 20:03:58,19
2016-08-31 20:21:36,19
2016-08-31 20:39:14,19
2016-08-31 20:56:51,19
2016-08-31 21:14:29,19
2016-08-31 21:32:07,19
2016-08-31 21:49:45,19
2016-08-31 22:07:22,19
2016-08-31 22:25:00,19
2016-08-31 22:42:37,19
2016-08-31 23:00:15,19
2016-08-31 23:17:53,19
2016-08-31 23:35:30,19
2016-08-31 23:53:08,19
2016-09-01 00:10:46,19
2016-09-01 00:28:23,19
2016-09-01 00:46:01,19
2016-09-01 01:03:38,19
2016-09-01 01:21:16,19
2016-09-01 01:38:54,19
2016-09-01 01:56:31,19
2016-09-01 02:14:09,19
2016-09-01 02:31:47,19
2016-09-01 02:49:24,19
2016-09-01 03:07:02,20
2016-09-01 03:24:39,20
2016-09-01 03:42:17,19
2016-09-01 03:59:55,19
2016-09-01 04:17:32,19
2016-09-01 04:35:10,18
2016-09-01 04:52:48,18
2016-09-01 05:10:25,18
2016-09-01 05:28:03,18
2016-09-01 05:45:40,18
2016-09-01 06:03:18,18
2016-09-01 06:20:56,18
2016-09-01 06:38:34,18
2016-09-01 06:56:11,18
2016-09-01 07:13:49,18
2016-09-01 07:31:26,18
2016-09-01 07:49:04,18
2016-09-01 08:06:42,18
2016-09-01 08:24:19,18
2016-09-01 08:41:57,18
2016-09-01 08:59:34,20
2016-09-01 09:17:12,21
2016-09-01 09:34:50,23
2016-09-01 09:52:27,32
2016-09-01 10:10:05,41
2016-09-01 10:27:43,42
2016-09-01 10:45:20,42
2016-09-01 11:02:58,42
2016-09-01 11:20:35,42
2016-09-01 11:38:13,42
2016-09-01 11:55:51,42
2016-09-01 12:13:28,42
2016-09-01 12:31:06,42
2016-09-01 12:48:44,42
2016-09-01 13:06:21,42
2016-09-01 13:23:59,42
2016-09-01 13:41:37,41
2016-09-01 13:59:14,41
2016-09-01 14:16:52,41
2016-09-01 14:34:29,40
2016-09-01 14:52:07,40
2016-09-01 15:09:45,40
2016-09-01 15:27:23,40
2016-09-01 15:45:00,40
2016-09-01 16:02:38,40
2016-09-01 16:20:16,40
2016-09-01 16:37:53,40
2016-09-01 16:55:31,40
2016-09-01 17:13:08,40
2016-09-01 17:30:46,33
2016-09-01 17:48:24,22
2016-09-01 18:06:01,22
2016-09-01 18:23:39,22
2016-09-01 18:41:17,19
2016-09-01 18:58:54,18
2016-09-01 19:16:32,18
2016-09-01 19:34:09,18
2016-09-01 19:51:47,17
2016-09-01 20:09:25,17
2016-09-01 20:27:03,17
2016-09-01 20:44:40,17
2016-09-01 21:02:18,17
2016-09-01 21:19:55,17
2016-09-01 21:37:33,17
2016-09-01 21:55:11,17
2016-09-01 22:12:48,17
2016-09-01 22:30:26,17
2016-09-01 22:48:03,17
2016-09-01 23:05:41,17
2016-09-01 23:23:19,17
2016-09-01 23:40:56,17
2016-09-01 23:58:34,17
2016-09-02 00:16:12,17
2016-09-02 00:33:49,17
2016-09-02 00:51:27,17
2016-09-02 01:09:05,17
2016-09-02 01:26:42,17
2016-09-02 01:44:20,17
2016-09-02 02:01:58,17
2016-09-02 02:19:35,17
2016-09-02 02:37:13,17
2016-09-02 02:54:50,17
2016-09-02 03:12:28,17
2016-09-02 03:30:06,16
2016-09-02 03:47:43,17
2016-09-02 04:05:21,17
2016-09-02 04:22:59,17
2016-09-02 04:40:36,17
2016-09-02 04:58:14,17
2016-09-02 05:15:51,17
2016-09-02 05:33:29,17
2016-09-02 05:51:07,17
2016-09-02 06:08:44,17
2016-09-02 06:26:22,17
2016-09-02 06:44:00,17
2016-09-02 07:01:37,17
2016-09-02 07:19:15,17
2016-09-02 07:36:52,17
2016-09-02 07:54:30,17
2016-09-02 08:12:08,17
2016-09-02 08:29:45,17
2016-09-02 08:47:23,17
2016-09-02 09:05:00,18
2016-09-02 09:22:38,19
2016-09-02 09:40:16,26
2016-09-02 09:57:54,34
2016-09-02 10:15:31,37
2016-09-02 10:33:09,37
2016-09-02 10:50:47,37
2016-09-02 11:08:24,37
2016-09-02 11:26:02,37
2016-09-02 11:43:39,37
2016-09-02 12:01:17,37
2016-09-02 12:18:55,37
2016-09-02 12:36:32,37
2016-09-02 12:54:10,37
2016-09-02 13:11:48,37
2016-09-02 13:29:25,35
2016-09-02 13:47:03,35
2016-09-02 14:04:40,35
2016-09-02 14:22:18,35
2016-09-02 14:39:56,35
2016-09-02 14:57:33,35
2016-09-02 15:15:11,35
2016-09-02 15:32:48,36
2016-09-02 15:50:26,36
2016-09-02 16:08:04,36
2016-09-02 16:25:41,36
2016-09-02 16:43:19,36
2016-09-02 17:00:57,35
2016-09-02 17:18:34,35
2016-09-02 17:36:12,25
2016-09-02 17:53:49,20
2016-09-02 18:11:27,18
2016-09-02 18:29:05,18
2016-09-02 18:46:43,18
2016-09-02 19:04:20,18
2016-09-02 19:21:58,17
2016-09-02 19:39:36,17
2016-09-02 19:57:13,17
2016-09-02 20:14:51,17
2016-09-02 20:32:29,17
2016-09-02 20:50:06,17
2016-09-02 21:07:44,17
2016-09-02 21:25:21,17
2016-09-02 21:42:59,17
2016-09-02 22:00:37,17
2016-09-02 22:18:14,17
2016-09-02 22:35:52,17
2016-09-02 22:53:30,17
2016-09-02 23:11:07,17
2016-09-02 23:28:45,17
2016-09-02 23:46:22,17
2016-09-03 00:04:00,17
2016-09-03 00:21:38,17
2016-09-03 00:39:15,17
2016-09-03 00:56:53,17
2016-09-03 01:14:30,17
2016-09-03 01:32:08,17
2016-09-03 01:49:46,17
2016-09-03 02:07:23,17
2016-09-03 02:25:01,17
2016-09-03 02:42:39,17
2016-09-03 03:00:16,17
2016-09-03 03:17:54,17
2016-09-03 03:35:31,17
2016-09-03 03:53:09,17
2016-09-03 04:10:47,17
2016-09-03 04:28:25,17
2016-09-03 04:46:02,17
2016-09-03 05:03:40,17
2016-09-03 05:21:18,17
2016-09-03 05:38:55,17
2016-09-03 05:56:33,17
2016-09-03 06:14:10,17
2016-09-03 06:31:48,17
2016-09-03 06:49:26,17
2016-09-03 07:07:03,17
2016-09-03 07:24:41,17
2016-09-03 07:42:18,17
2016-09-03 07:59:56,17
2016-09-03 08:17:34,17
2016-09-03 08:35:17,17
2016-09-03 08:52:55,17
2016-09-03 09:10:33,17
2016-09-03 09:28:10,17
2016-09-03 09:45:48,17
2016-09-03 10:03:25,17
2016-09-03 10:21:03,17
2016-09-03 10:38:41,17
2016-09-03 10:56:18,17
2016-09-03 11:13:56,17
2016-09-03 11:31:34,17
2016-09-03 11:49:11,16
2016-09-03 12:06:49,15
2016-09-03 12:24:26,15
2016-09-03 12:42:04,15
2016-09-03 12:59:42,15
2016-09-03 13:17:20,15
2016-09-03 13:34:57,15
2016-09-03 13:52:35,15
2016-09-03 14:10:12,15
2016-09-03 14:27:50,15
2016-09-03 14:45:28,15
2016-09-03 15:03:05,15
2016-09-03 15:20:43,15
2016-09-03 15:38:20,15
2016-09-03 15:55:58,15
2016-09-03 16:13:36,15
2016-09-03 16:31:13,15
2016-09-03 16:48:51,15
2016-09-03 17:06:29,15
2016-09-03 17:24:06,15
2016-09-03 17:41:44,15
2016-09-03 17:59:21,15
2016-09-03 18:16:59,17
2016-09-03 18:34:37,17
2016-09-03 18:52:14,17
2016-09-03 19:09:52,17
2016-09-03 19:27:30,17
2016-09-03 19:45:07,17
2016-09-03 20:02:45,17
2016-09-03 20:20:23,17
2016-09-03 20:38:00,17
2016-09-03 20:55:38,17
2016-09-03 21:13:15,17
2016-09-03 21:30:53,17
2016-09-03 21:48:31,17
2016-09-03 22:06:09,17
2016-09-03 22:23:46,17
2016-09-03 22:41:24,17
2016-09-03 22:59:02,17
2016-09-03 23:16:39,17
2016-09-03 23:34:17,17
2016-09-03 23:51:54,17
2016-09-04 00:09:32,17
2016-09-04 00:27:10,17
2016-09-04 00:44:47,17
2016-09-04 01:02:25,17
2016-09-04 01:20:02,17
2016-09-04 01:37:40,17
2016-09-04 01:55:18,17
2016-09-04 02:12:55,17
2016-09-04 02:30:33,17
2016-09-04 02:48:11,17
2016-09-04 03:05:48,17
2016-09-04 03:23:26,17
2016-09-04 03:41:03,17
2016-09-04 03:58:41,17
2016-09-04 04:16:19,17
2016-09-04 04:33:56,17
2016-09-04 04:51:34,17
2016-09-04 05:09:11,17
2016-09-04 05:26:49,17
2016-09-04 05:44:27,17
2016-09-04 06:02:04,17
2016-09-04 06:19:42,17
2016-09-04 06:37:20,17
2016-09-04 06:54:57,17
2016-09-04 07:12:35,17
2016-09-04 07:30:13,17
2016-09-04 07:47:50,17
2016-09-04 08:05:28,17
2016-09-04 08:23:06,17
2016-09-04 08:40:43,17
2016-09-04 08:58:21,17
2016-09-04 09:15:59,17
2016-09-04 09:33:36,17
2016-09-04 09:51:14,17
2016-09-04 10:08:51,17
2016-09-04 10:26:29,17
2016-09-04 10:44:07,17
2016-09-04 11:01:44,17
2016-09-04 11:19:22,17
2016-09-04 11:36:59,17
2016-09-04 11:54:37,17
2016-09-04 12:12:15,17
2016-09-04 12:29:52,17
2016-09-04 12:47:30,17
2016-09-04 13:05:08,17
2016-09-04 13:22:45,17
2016-09-04 13:40:23,17
2016-09-04 13:58:00,17
2016-09-04 14:15:38,17
2016-09-04 14:33:16,17
2016-09-04 14:50:53,17
2016-09-04 15:08:31,17
2016-09-04 15:26:08,17
2016-09-04 15:43:46,17
2016-09-04 16:01:24,17
2016-09-04 16:19:02,17
2016-09-04 16:36:39,17
2016-09-04 16:54:17,17
2016-09-04 17:11:54,17
2016-09-04 17:29:32,17
2016-09-04 17:47:10,17
2016-09-04 18:04:47,17
2016-09-04 18:22:25,17
2016-09-04 18:40:03,17
2016-09-04 18:57:40,17
2016-09-04 19:15:18,17
2016-09-04 19:32:55,17
2016-09-04 19:50:39,17
2016-09-04 20:08:16,17
2016-09-04 20:25:54,17
2016-09-04 20:43:31,17
2016-09-04 21:01:09,17
2016-09-04 21:18:47,17
2016-09-04 21:36:24,17
2016-09-04 21:54:02,17
2016-09-04 22:11:40,17
2016-09-04 22:29:17,17
2016-09-04 22:46:55,17
2016-09-04 23:04:32,17
2016-09-04 23:22:10,17
2016-09-04 23:39:48,17
2016-09-04 23:57:25,17
2016-09-05 00:15:03,17
2016-09-05 00:32:40,17
2016-09-05 00:50:18,17
2016-09-05 01:07:56,17
2016-09-05 01:25:34,17
2016-09-05 01:43:11,17
2016-09-05 02:00:49,17
2016-09-05 02:18:27,17
2016-09-05 02:36:04,17
2016-09-05 02:53:42,17
2016-09-05 03:11:20,17
2016-09-05 03:28:57,17
2016-09-05 03:46:35,17
2016-09-05 04:04:12,16
2016-09-05 04:21:50,16
2016-09-05 04:39:28,16
2016-09-05 04:57:05,16
2016-09-05 05:14:43,16
2016-09-05 05:32:20,16
2016-09-05 05:49:58,16
2016-09-05 06:07:36,16
2016-09-05 06:25:13,16
2016-09-05 06:42:51,16
2016-09-05 07:00:29,16
2016-09-05 07:18:06,16
2016-09-05 07:35:44,16
2016-09-05 07:53:21,16
2016-09-05 08:10:59,16
2016-09-05 08:28:37,17
2016-09-05 08:46:14,17
2016-09-05 09:03:52,18
2016-09-05 09:21:30,19
2016-09-05 09:39:07,25
2016-09-05 09:56:45,33
2016-09-05 10:14:23,39
2016-09-05 10:32:00,38
2016-09-05 10:49:38,38
2016-09-05 11:07:16,40
2016-09-05 11:24:53,40
2016-09-05 11:42:31,40
2016-09-05 12:00:09,39
2016-09-05 12:17:46,40
2016-09-05 12:35:24,39
2016-09-05 12:53:02,39
2016-09-05 13:10:39,40
2016-09-05 13:28:17,39
2016-09-05 13:45:55,39
2016-09-05 14:03:32,39
2016-09-05 14:21:10,39
2016-09-05 14:38:47,38
2016-09-05 14:56:25,38
2016-09-05 15:14:03,40
2016-09-05 15:31:40,39
2016-09-05 15:49:18,39
2016-09-05 16:06:56,39
2016-09-05 16:24:33,39
2016-09-05 16:42:11,39
2016-09-05 16:59:48,37
2016-09-05 17:17:26,37
2016-09-05 17:35:04,30
2016-09-05 17:53:47,21
2016-09-05 18:11:25,21
2016-09-05 18:29:03,20
2016-09-05 18:46:40,20
2016-09-05 19:04:18,19
2016-09-05 19:21:56,18
2016-09-05 19:39:34,18
2016-09-05 19:57:11,18
2016-09-05 20:14:49,18
2016-09-05 20:32:27,18
2016-09-05 20:50:04,18
2016-09-05 21:07:42,18
2016-09-05 21:25:19,18
2016-09-05 21:42:57,18
2016-09-05 22:00:35,18
2016-09-05 22:18:12,18
2016-09-05 22:35:50,18
2016-09-05 22:53:27,18
2016-09-05 23:11:05,18
2016-09-05 23:28:43,18
2016-09-05 23:46:20,18
2016-09-06 00:03:58,18
2016-09-06 00:21:36,18
2016-09-06 00:39:13,18
2016-09-06 00:56:51,18
2016-09-06 01:14:29,18
2016-09-06 01:32:06,18
2016-09-06 01:49:44,18
2016-09-06 02:07:21,18
2016-09-06 02:24:59,18
2016-09-06 02:42:37,18
2016-09-06 03:00:14,18
2016-09-06 03:17:52,18
2016-09-06 03:35:29,18
2016-09-06 03:53:07,18
2016-09-06 04:10:45,18
2016-09-06 04:28:22,18
2016-09-06 04:46:00,18
2016-09-06 05:03:38,18
2016-09-06 05:21:15,18
2016-09-06 05:38:53,18
2016-09-06 05:56:31,18
2016-09-06 06:14:08,18
2016-09-06 06:31:46,18
2016-09-06 06:49:24,18
2016-09-06 07:07:01,18
2016-09-06 07:24:39,18
2016-09-06 07:42:16,18
2016-09-06 07:59:54,18
2016-09-06 08:17:32,18
2016-09-06 08:35:09,19
2016-09-06 08:52:47,20
2016-09-06 09:10:25,21
2016-09-06 09:28:02,22
2016-09-06 09:45:40,28
2016-09-06 10:03:17,39
2016-09-06 10:20:55,42
2016-09-06 10:38:33,42
2016-09-06 10:56:11,42
2016-09-06 11:13:48,42
2016-09-06 11:31:26,42
2016-09-06 11:49:03,42
2016-09-06 12:06:41,42
2016-09-06 12:24:19,42
2016-09-06 12:41:56,42
2016-09-06 12:59:34,42
2016-09-06 13:17:11,42
2016-09-06 13:34:49,42
2016-09-06 13:52:27,43
2016-09-06 14:10:05,42
2016-09-06 14:27:42,42
2016-09-06 14:45:20,42
2016-09-06 15:02:58,42
2016-09-06 15:20:35,42
2016-09-06 15:38:13,42
2016-09-06 15:55:51,41
2016-09-06 16:13:28,42
2016-09-06 16:31:06,40
2016-09-06 16:48:43,42
2016-09-06 17:06:21,40
2016-09-06 17:23:59,40
2016-09-06 17:41:36,26
2016-09-06 17:59:14,24
2016-09-06 18:16:51,23
2016-09-06 18:34:29,21
2016-09-06 18:52:07,19
2016-09-06 19:09:44,19
2016-09-06 19:27:22,19
2016-09-06 19:45:00,19
2016-09-06 20:02:37,19
2016-09-06 20:20:15,19
2016-09-06 20:37:52,19
2016-09-06 20:55:30,19
2016-09-06 21:13:08,19
2016-09-06 21:30:45,19
2016-09-06 21:48:23,19
2016-09-06 22:06:00,19
2016-09-06 22:23:38,19
2016-09-06 22:41:16,19
2016-09-06 22:58:54,19
2016-09-06 23:16:33,19
2016-09-06 23:34:11,19
2016-09-06 23:51:48,19
2016-09-07 00:09:26,19
2016-09-07 00:27:04,19
2016-09-07 00:44:41,19
2016-09-07 01:02:19,19
2016-09-07 01:19:57,19
2016-09-07 01:37:34,19
2016-09-07 01:55:12,19
2016-09-07 02:12:50,19
2016-09-07 02:30:27,19
2016-09-07 02:48:05,19
2016-09-07 03:05:52,19
2016-09-07 03:23:29,18
2016-09-07 03:41:07,18
2016-09-07 03:58:45,18
2016-09-07 04:16:22,18
2016-09-07 04:34:00,18
2016-09-07 04:51:37,18
2016-09-07 05:09:15,18
2016-09-07 05:26:53,18
2016-09-07 05:44:30,18
2016-09-07 06:02:08,18
2016-09-07 06:19:45,18
2016-09-07 06:37:24,18
2016-09-07 06:55:01,18
2016-09-07 07:12:39,18
2016-09-07 07:30:17,18
2016-09-07 07:47:54,18
2016-09-07 08:05:32,18
2016-09-07 08:23:10,19
2016-09-07 08:40:47,19
2016-09-07 08:58:25,20
2016-09-07 09:16:03,21
2016-09-07 09:33:40,25
2016-09-07 09:51:18,32
2016-09-07 10:08:55,38
2016-09-07 10:26:33,39
2016-09-07 10:44:11,38
2016-09-07 11:01:48,39
2016-09-07 11:19:26,39
2016-09-07 11:37:04,38
2016-09-07 11:54:41,39
2016-09-07 12:12:19,39
2016-09-07 12:29:57,39
2016-09-07 12:47:34,39
2016-09-07 13:05:12,38
2016-09-07 13:22:49,38
2016-09-07 13:40:27,39
2016-09-07 13:58:05,40
2016-09-07 14:15:42,40
2016-09-07 14:33:20,39
2016-09-07 14:50:58,40
2016-09-07 15:08:35,39
2016-09-07 15:26:13,40
2016-09-07 15:43:50,40
2016-09-07 16:01:28,40
2016-09-07 16:19:06,40
2016-09-07 16:36:43,39
2016-09-07 16:54:21,39
2016-09-07 17:11:59,39
2016-09-07 17:29:36,38
2016-09-07 17:48:09,23
2016-09-07 18:06:06,21
2016-09-07 18:26:21,20
2016-09-07 18:43:59,19
2016-09-07 19:01:36,20
2016-09-07 19:19:14,20
2016-09-07 19:36:51,20
2016-09-07 19:54:29,20
2016-09-07 20:12:07,20
2016-09-07 20:29:44,20
2016-09-07 20:47:22,20
2016-09-07 21:04:59,20
2016-09-07 21:22:37,20
2016-09-07 21:40:15,19
2016-09-07 21:57:52,19
2016-09-07 22:15:30,19
2016-09-07 22:33:08,19
2016-09-07 22:50:45,19
2016-09-07 23:08:23,19
2016-09-07 23:26:00,19
2016-09-07 23:43:38,19
2016-09-08 00:01:16,19
2016-09-08 00:18:53,19
2016-09-08 00:36:31,19
2016-09-08 00:54:09,19
2016-09-08 01:11:46,19
2016-09-08 01:29:24,19
2016-09-08 01:47:01,19
2016-09-08 02:04:39,19
2016-09-08 02:22:17,19
2016-09-08 02:39:55,19
2016-09-08 02:57:32,19
2016-09-08 03:15:10,19
2016-09-08 03:32:48,18
2016-09-08 03:50:25,19
2016-09-08 04:08:03,18
2016-09-08 04:25:40,18
2016-09-08 04:43:18,18
2016-09-08 05:00:56,18
2016-09-08 05:18:33,18
2016-09-08 05:36:11,18
2016-09-08 05:53:49,18
2016-09-08 06:11:26,18
2016-09-08 06:29:04,18
2016-09-08 06:46:41,18
2016-09-08 07:04:19,18
2016-09-08 07:21:57,18
2016-09-08 07:39:34,18
2016-09-08 07:57:12,18
2016-09-08 08:14:50,18
2016-09-08 08:32:27,18
2016-09-08 08:50:05,21
2016-09-08 09:07:42,22
2016-09-08 09:25:20,23
2016-09-08 09:42:58,28
2016-09-08 10:00:35,37
2016-09-08 10:18:13,42
2016-09-08 10:35:51,42
2016-09-08 10:53:28,41
2016-09-08 11:11:06,41
2016-09-08 11:28:44,41
2016-09-08 11:46:22,41
2016-09-08 12:03:59,41
2016-09-08 12:21:37,40
2016-09-08 12:39:15,41
2016-09-08 12:56:52,41
2016-09-08 13:14:30,42
2016-09-08 13:32:08,41
2016-09-08 13:49:45,41
2016-09-08 14:07:23,41
2016-09-08 14:25:01,40
2016-09-08 14:42:38,39
2016-09-08 15:00:16,39
2016-09-08 15:17:54,39
2016-09-08 15:35:31,37
2016-09-08 15:53:09,37
2016-09-08 16:10:46,38
2016-09-08 16:28:24,38
2016-09-08 16:46:02,38
2016-09-08 17:03:39,37
2016-09-08 17:21:17,38
2016-09-08 17:38:55,28
2016-09-08 17:56:32,22
2016-09-08 18:14:10,19
2016-09-08 18:31:47,19
2016-09-08 18:49:25,19
2016-09-08 19:07:03,19
2016-09-08 19:24:40,19
2016-09-08 19:42:18,19
2016-09-08 19:59:56,19
2016-09-08 20:17:33,19
2016-09-08 20:35:11,20
2016-09-08 20:52:49,19
2016-09-08 21:10:26,19
2016-09-08 21:28:04,19
2016-09-08 21:45:42,19
2016-09-08 22:03:19,19
2016-09-08 22:20:57,19
2016-09-08 22:38:34,19
2016-09-08 22:56:12,19
2016-09-08 23:13:50,19
2016-09-08 23:31:27,19
2016-09-08 23:49:05,19
2016-09-09 00:06:43,19
2016-09-09 00:24:20,19
2016-09-09 00:41:58,19
2016-09-09 00:59:36,19
2016-09-09 01:17:13,19
2016-09-09 01:34:51,19
2016-09-09 01:52:29,19
2016-09-09 02:10:06,19
2016-09-09 02:27:44,19
2016-09-09 02:45:21,19
2016-09-09 03:02:59,20
2016-09-09 03:20:37,20
2016-09-09 03:38:14,19
2016-09-09 03:55:52,19
2016-09-09 04:13:30,19
2016-09-09 04:31:07,19
2016-09-09 04:48:45,19
2016-09-09 05:06:22,19
2016-09-09 05:24:00,19
2016-09-09 05:41:38,19
2016-09-09 05:59:16,19
2016-09-09 06:16:53,19
2016-09-09 06:34:31,19
2016-09-09 06:52:09,19
2016-09-09 07:09:46,19
2016-09-09 07:27:24,19
2016-09-09 07:45:01,19
2016-09-09 08:02:39,19
2016-09-09 08:20:17,19
2016-09-09 08:37:54,19
2016-09-09 08:55:32,19
2016-09-09 09:13:10,19
2016-09-09 09:30:47,21
2016-09-09 09:48:25,25
2016-09-09 10:06:03,36
2016-09-09 10:23:40,37
2016-09-09 10:41:18,38
2016-09-09 10:58:56,38
2016-09-09 11:16:33,38
2016-09-09 11:34:11,38
2016-09-09 11:51:49,38
2016-09-09 12:09:26,38
2016-09-09 12:27:04,37
2016-09-09 12:44:42,38
2016-09-09 13:02:19,38
2016-09-09 13:19:57,36
2016-09-09 13:37:34,35
2016-09-09 13:55:12,35
2016-09-09 14:12:50,35
2016-09-09 14:30:27,35
2016-09-09 14:48:05,36
2016-09-09 15:05:43,36
2016-09-09 15:23:21,36
2016-09-09 15:40:58,37
2016-09-09 15:58:36,36
2016-09-09 16:16:13,36
2016-09-09 16:33:51,36
2016-09-09 16:51:29,35
2016-09-09 17:09:06,35
2016-09-09 17:26:44,33
2016-09-09 17:44:22,25
2016-09-09 18:03:05,22
2016-09-09 18:20:43,16
2016-09-09 18:38:21,15
2016-09-09 18:55:58,15
2016-09-09 19:13:36,15
2016-09-09 19:31:14,15
2016-09-09 19:48:51,15
2016-09-09 20:06:29,15
2016-09-09 20:24:06,15
2016-09-09 20:41:44,15
2016-09-09 20:59:22,15
2016-09-09 21:16:59,15
2016-09-09 21:34:37,15
2016-09-09 21:52:15,15
2016-09-09 22:09:52,15
2016-09-09 22:27:30,15
2016-09-09 22:45:08,15
2016-09-09 23:02:45,15
2016-09-09 23:20:23,15
2016-09-09 23:38:01,15
2016-09-09 23:55:38,15
2016-09-10 00:13:16,15
2016-09-10 00:30:54,15
2016-09-10 00:48:31,15
2016-09-10 01:06:09,15
2016-09-10 01:23:47,15
2016-09-10 01:41:24,15
2016-09-10 01:59:02,15
2016-09-10 02:16:39,15
2016-09-10 02:34:17,15
2016-09-10 02:51:55,15
2016-09-10 03:09:32,15
2016-09-10 03:27:10,15
2016-09-10 03:44:48,15
2016-09-10 04:02:25,15
2016-09-10 04:20:03,15
2016-09-10 04:37:40,15
2016-09-10 04:55:18,15
2016-09-10 05:12:56,15
2016-09-10 05:30:33,15
2016-09-10 05:48:11,15
2016-09-10 06:05:49,15
2016-09-10 06:23:26,15
2016-09-10 06:41:04,15
2016-09-10 06:58:41,15
2016-09-10 07:16:19,15
2016-09-10 07:33:57,15
2016-09-10 07:51:34,15
2016-09-10 08:09:12,15
2016-09-10 08:26:50,15
2016-09-10 08:44:27,15
2016-09-10 09:02:05,15
2016-09-10 09:19:43,15
2016-09-10 09:37:20,15
2016-09-10 09:54:58,15
2016-09-10 10:12:36,15
2016-09-10 10:30:13,15
2016-09-10 10:47:51,15
2016-09-10 11:05:29,15
2016-09-10 11:23:06,15
2016-09-10 11:40:44,15
2016-09-10 11:58:21,15
2016-09-10 12:15:59,15
2016-09-10 12:33:37,15
2016-09-10 12:51:14,15
2016-09-10 13:08:52,15
2016-09-10 13:26:29,15
2016-09-10 13:44:07,15
2016-09-10 14:01:45,15
2016-09-10 14:19:22,15
2016-09-10 14:37:00,15
2016-09-10 14:54:38,15
2016-09-10 15:12:15,15
2016-09-10 15:29:53,15
2016-09-10 15:47:30,15
2016-09-10 16:05:08,15
2016-09-10 16:22:46,15
2016-09-10 16:40:23,15
2016-09-10 16:58:01,15
2016-09-10 17:15:39,15
2016-09-10 17:33:16,15
2016-09-10 17:50:54,15
2016-09-10 18:08:32,15
2016-09-10 18:26:09,15
2016-09-10 18:43:47,15
2016-09-10 19:01:25,14
2016-09-10 19:19:02,14
2016-09-10 19:36:40,14
2016-09-10 19:54:17,14
2016-09-10 20:11:55,14
2016-09-10 20:29:33,14
2016-09-10 20:47:10,14
2016-09-10 21:04:48,14
2016-09-10 21:22:26,14
2016-09-10 21:40:03,13
2016-09-10 21:57:41,13
2016-09-10 22:15:19,13
2016-09-10 22:32:56,13
2016-09-10 22:50:34,13
2016-09-10 23:08:11,13
2016-09-10 23:25:49,13
2016-09-10 23:43:28,13
2016-09-11 00:01:06,13
2016-09-11 00:18:43,13
2016-09-11 00:36:21,13
2016-09-11 00:53:59,13
2016-09-11 01:11:36,13
2016-09-11 01:29:14,13
2016-09-11 01:46:51,13
2016-09-11 02:04:29,13
2016-09-11 02:22:07,13
2016-09-11 02:39:44,13
2016-09-11 02:57:22,13
2016-09-11 03:15:00,13
2016-09-11 03:32:37,13
2016-09-11 03:50:15,13
2016-09-11 04:07:53,13
2016-09-11 04:25:30,13
2016-09-11 04:43:08,13
2016-09-11 05:00:45,13
2016-09-11 05:18:23,13
2016-09-11 05:36:01,13
2016-09-11 05:53:38,13
2016-09-11 06:11:16,13
2016-09-11 06:28:53,13
2016-09-11 06:46:31,13
2016-09-11 07:04:09,13
2016-09-11 07:21:49,13
2016-09-11 07:39:27,13
2016-09-11 07:57:04,13
2016-09-11 08:14:42,13
2016-09-11 08:32:20,13
2016-09-11 08:49:57,13
2016-09-11 09:07:35,13
2016-09-11 09:25:13,13
2016-09-11 09:42:50,13
2016-09-11 10:00:28,13
2016-09-11 10:18:05,13
2016-09-11 10:35:43,13
2016-09-11 10:53:21,13
2016-09-11 11:10:58,13
2016-09-11 11:28:36,13
2016-09-11 11:46:14,14
2016-09-11 12:03:51,14
2016-09-11 12:21:29,14
2016-09-11 12:39:07,13
2016-09-11 12:56:44,13
2016-09-11 13:14:22,13
2016-09-11 13:32:00,13
2016-09-11 13:49:37,13
2016-09-11 14:07:15,13
2016-09-11 14:24:52,13
2016-09-11 14:42:30,13
2016-09-11 15:00:08,13
2016-09-11 15:17:45,13
2016-09-11 15:35:23,13
2016-09-11 15:53:01,13
2016-09-11 16:10:38,13
2016-09-11 16:28:16,13
2016-09-11 16:45:53,13
2016-09-11 17:03:31,13
2016-09-11 17:21:09,13
2016-09-11 17:38:46,13
2016-09-11 17:56:24,13
2016-09-11 18:14:01,14
2016-09-11 18:31:39,14
2016-09-11 18:49:17,14
2016-09-11 19:06:54,14
2016-09-11 19:24:32,14
2016-09-11 19:42:10,14
2016-09-11 19:59:47,14
2016-09-11 20:17:25,14
2016-09-11 20:35:03,14
2016-09-11 20:52:40,14
2016-09-11 21:10:18,14
2016-09-11 21:27:56,14
2016-09-11 21:45:33,14
2016-09-11 22:03:11,14
2016-09-11 22:20:49,14
2016-09-11 22:38:26,14
2016-09-11 22:56:04,14
2016-09-11 23:13:42,14
2016-09-11 23:31:19,14
2016-09-11 23:48:57,14
2016-09-12 00:06:34,14
2016-09-12 00:24:12,14
2016-09-12 00:41:50,14
2016-09-12 00:59:27,14
2016-09-12 01:17:05,14
2016-09-12 01:34:42,14
2016-09-12 01:52:20,14
2016-09-12 02:09:58,14
2016-09-12 02:27:35,14
2016-09-12 02:45:13,14
2016-09-12 03:02:50,15
2016-09-12 03:20:28,14
2016-09-12 03:38:06,14
2016-09-12 03:55:43,14
2016-09-12 04:13:21,14
2016-09-12 04:30:59,14
2016-09-12 04:48:36,14
2016-09-12 05:06:14,14
2016-09-12 05:23:51,14
2016-09-12 05:41:29,14
2016-09-12 05:59:07,14
2016-09-12 06:16:45,14
2016-09-12 06:34:22,14
2016-09-12 06:52:00,14
2016-09-12 07:09:37,14
2016-09-12 07:27:15,14
2016-09-12 07:44:53,14
2016-09-12 08:02:30,14
2016-09-12 08:20:08,14
2016-09-12 08:37:46,15
2016-09-12 08:55:23,15
2016-09-12 09:13:01,16
2016-09-12 09:30:39,18
2016-09-12 09:48:16,23
2016-09-12 10:05:54,35
2016-09-12 10:23:31,36
2016-09-12 10:41:09,37
2016-09-12 10:58:47,37
2016-09-12 11:16:24,35
2016-09-12 11:34:02,36
2016-09-12 11:51:40,36
2016-09-12 12:09:17,37
2016-09-12 12:26:55,37
2016-09-12 12:44:33,37
2016-09-12 13:02:10,37
2016-09-12 13:19:48,35
2016-09-12 13:37:25,36
2016-09-12 13:55:03,36
2016-09-12 14:12:41,36
2016-09-12 14:30:18,36
2016-09-12 14:47:56,36
2016-09-12 15:05:33,36
2016-09-12 15:23:11,37
2016-09-12 15:40:49,36
2016-09-12 15:58:27,36
2016-09-12 16:16:04,36
2016-09-12 16:33:42,36
2016-09-12 16:51:19,36
2016-09-12 17:08:57,36
2016-09-12 17:26:35,36
2016-09-12 17:44:12,26
2016-09-12 18:01:50,23
2016-09-12 18:19:28,22
2016-09-12 18:37:05,22
2016-09-12 18:54:43,19
2016-09-12 19:12:21,18
2016-09-12 19:29:58,18
2016-09-12 19:47:36,18
2016-09-12 20:05:14,18
2016-09-12 20:22:51,19
2016-09-12 20:40:29,18
2016-09-12 20:58:06,18
2016-09-12 21:15:44,18
2016-09-12 21:33:22,18
2016-09-12 21:50:59,18
2016-09-12 22:08:37,18
2016-09-12 22:26:14,18
2016-09-12 22:43:53,18
2016-09-12 23:01:30,18
2016-09-12 23:19:08,18
2016-09-12 23:36:45,18
2016-09-12 23:54:23,18
2016-09-13 00:12:01,18
2016-09-13 00:29:38,18
2016-09-13 00:47:16,18
2016-09-13 01:04:54,18
2016-09-13 01:22:31,18
2016-09-13 01:40:09,18
2016-09-13 01:57:47,18
2016-09-13 02:15:24,18
2016-09-13 02:33:02,18
2016-09-13 02:50:39,18
2016-09-13 03:08:17,19
2016-09-13 03:25:55,18
2016-09-13 03:43:32,18
2016-09-13 04:01:10,18
2016-09-13 04:18:48,18
2016-09-13 04:36:25,18
2016-09-13 04:54:03,18
2016-09-13 05:11:40,18
2016-09-13 05:29:18,18
2016-09-13 05:46:56,18
2016-09-13 06:04:33,18
2016-09-13 06:22:11,18
2016-09-13 06:39:49,18
2016-09-13 06:57:26,18
2016-09-13 07:15:04,18
2016-09-13 07:32:42,18
2016-09-13 07:50:19,18
2016-09-13 08:07:57,18
2016-09-13 08:25:34,18
